Confidence,Company,Industry,Patron/Chairman,CEO/Founder,Financials,2026 Strategic Signal,Integration Opportunity,Registry Status,URL,Discovered At
80,MENA-based startups,Technology and Startup ecosystem,Unknown,Not Applicable,$844.9M in Q1 funding,"The total funding in Q1 is $844.9M across 129 MENA-based startups, with UAE-based startups acquiring 68.9% of the funding",Cloud-based data analytics services to track startup funding trends and market insights,PROBING...,https://www.instagram.com/p/DWq5P7wDCdm/,2026-04-16 01:29:09
90,MAGNiTT,Startup and Venture Capital,Not publicly disclosed,Philip Bahoshy (Founder and CEO),$1M seed funding,"MAGNiTT is currently tracking the decline in startup deals across the MENA region, with a 41% year-on-year drop in transactions to 115 in the first quarter of 2025.",MAGNiTT would likely need data analytics and visualization services from an IT solutions vendor to provide insights into startup trends and performance in the MENA region.,"Active Entity - Master Registry, Financial Register - Verified",https://www.msn.com/en-us/money/markets/us-pullback-pushes-mena-startup-deals-to-five-year-low/ar-AA20VUnw?ocid=finance-verthp-feeds,2026-04-16 01:29:12
80,UAE Government Investments,Finance and Investment,Sheikh Mohammed bin Rashid Al Maktoum (Vice President and Prime Minister of the UAE),Not applicable (Government Investment Entity),$95 million investment in Turkey,"The UAE is investing $95 million in Turkey, placing it among the top three investors in the country during the first two months of 2026",Data Analytics and Portfolio Management services to track investments and optimize returns,Active Entity - Master Registry,https://www.agbi.com/trade/2026/04/uae-invested-95m-in-turkey-at-beginning-of-year/,2026-04-16 01:29:14
80,Glydways,Autonomous Transit,Unknown,Unknown,$170M funding round,Glydways is currently building high-capacity electric pod networks on dedicated narrow lanes in the UAE with the backing of Khosla Ventures and Suzuki Motor Corporation.,Implementation of advanced IoT and AI-powered traffic management systems to optimize pod network efficiency,PROBING...,https://techfundingnews.com/glydways-170m-funding-autonomous-transit-networks/,2026-04-16 01:29:18
90,Central Bank of the UAE,Finance,Sheikh Mansour bin Zayed Al Nahyan (Chairman of the Board of Directors),Khaled Mohammed Balama (Governor of the Central Bank of the UAE),"No specific funding round, but the UAE has deposited $3 billion in the State Bank of Pakistan",The Central Bank of the UAE is facilitating financial transactions and collaborations with Saudi Arabia to support Pakistan's economic crisis,"Implementing a real-time cross-border payment system to streamline financial transactions between the UAE, Saudi Arabia, and Pakistan","Active Entity - Master Registry, Financial Register - Verified",https://www.facebook.com/WIONews/posts/tracking-pakistans-economic-crisis-saudi-arabia-deposits-3-bn-in-pakistans-centr/1315602444012260/,2026-04-16 01:29:21
80,MENA-based startups,Technology and startups,Unknown,Not applicable,$844.9M in Q1 funding,"The total funding in Q1 is $844.9M across 129 MENA-based startups, with UAE based startups acquiring 68.9% of the funding",Data analytics and market research services to track startup funding trends in the MENA region,PROBING...,https://www.instagram.com/p/DXJRRLKjNtN/,2026-04-16 02:07:09
80,UAE Investments in Turkey,Foreign Investment,Sheikh Mohammed bin Rashid Al Maktoum (Vice President and Prime Minister of the UAE),Not Applicable,$95 million investment,"The UAE has invested $95 million in Turkey at the beginning of the year, ranking among the top three investors in the country",Data analytics and market research services to optimize investment strategies in Turkey,PROBING...,https://www.agbi.com/trade/2026/04/uae-invested-95m-in-turkey-at-beginning-of-year/,2026-04-16 02:07:11
80,MAGNiTT,Startup and Venture Capital,"Not explicitly known, but MAGNiTT has partnerships with various UAE-based entities and organizations",Philip Bahoshy (Founder and CEO),$1M seed funding,"MAGNiTT is currently tracking the decline in startup deals in the MENA region, citing a 41 percent year-on-year drop in transactions to 115 in the first quarter of 2025.",Data analytics and business intelligence services to enhance their market research and reporting capabilities,Active Entity - Master Registry,https://www.msn.com/en-us/money/markets/us-pullback-pushes-mena-startup-deals-to-five-year-low/ar-AA20VUnw?ocid=finance-verthp-feeds,2026-04-16 02:07:16
90,Dubai Future Foundation,Education and Technology,"Mohammed Abdullah Al Gergawi (Vice Chairman, Dubai Future Foundation)",Khalfan Juma Belhoul (CEO),$400k raised from investors,"Dubai Future Foundation is currently investing in and supporting startups in the UAE, including education companies, as part of its mission to drive innovation and entrepreneurship in the region.",Cloud-based learning management system integration to support their education initiatives,"Active Entity - Master Registry, Financial Register - Verified",https://www.f6s.com/companies/education/united-arab-emirates/co,2026-04-16 04:14:17
95,Dubai Future Foundation,Technology and Innovation,His Highness Sheikh Mohammed bin Rashid Al Maktoum,Saif Al Aleeli (CEO),AED 1B (government funding for innovation initiatives),The Dubai Future Foundation is currently supporting start-ups through the Dubai Future Accelerators program in partnership with Arabian Business StartUp,Cloud-based platform integration for accelerator programs and start-up ecosystem management,"Active Entity - Master Registry, Financial Register - Verified",https://www.arabianbusiness.com/business/start-ups/page/46?query-10-page=72&cst,2026-04-16 04:14:23
80,FAST Ventures,Marketing Technology,Unknown,Not Found,Not Disclosed,"FAST Ventures has launched MATTE, an AI-powered marketing technology platform in Dubai, automating operational tasks for small and mid-sized businesses",Cloud-based AI model integration and maintenance services,PROBING...,https://www.facebook.com/startupsceneME/posts/dubai-based-fast-ventures-has-launched-matte-an-ai-powered-marketing-technology-/1368458688636920/,2026-04-16 04:14:26
80,"Dubai Research, Development and Innovation",Research and Development,Sheikh Hamdan bin Mohammed bin Rashid Al Maktoum,Not specified due to lack of information,Not specified due to lack of information,"The next round of the Dubai Research, Development and Innovation is backed by the National Association of REALTORS and operates the global REACH real estate tech accelerator in Dubai.",Artificial Intelligence and Data Analytics services for research and development,PROBING...,https://www.instagram.com/p/DXKLkAICJ0m/,2026-04-16 04:26:16
85,Dubai International Chamber,Trade and Investment,Sheikh Mohammed bin Rashid Al Maktoum (Vice President and Prime Minister of the UAE and Ruler of Dubai),Hamad Buamim (President and CEO),No public funding information available,Dubai International Chamber has opened a new representative office in Manila to strengthen UAE–Philippines trade and investment relations,IT solutions for trade facilitation and international business matchmaking,Active Entity - Master Registry,https://www.instagram.com/p/DXJPek4DYX0/,2026-04-16 05:17:09
90,UAE Central Bank,Finance,H.H. Sheikh Mansour bin Zayed Al Nahyan (Chairman of the Emirates Investment Authority),Khaled Mohamed Balama (Governor of the Central Bank of the UAE),AED 2 billion annual budget,Encouraging UAE banks to embrace digital transformation to maximize growth opportunities,Implementation of artificial intelligence and cybersecurity solutions to enhance digital banking services,"Active Entity - Master Registry, Financial Register - Verified",https://www.pinsentmasons.com/out-law/news/uae-bank-growth-opportunities-linked-digital-transformation,2026-04-16 05:17:12
95,Dubai Chamber of Commerce,Business and Commerce,H.H. Sheikh Mohammed bin Rashid Al Maktoum (Vice President and Prime Minister of the UAE and Ruler of Dubai),Hamad Buamim (President and CEO),No public funding information available,"The Dubai Chamber of Commerce is expanding its membership with 2,709 new companies joining in March 2026, indicating continued investor confidence in Dubai's economy.",Cloud-based membership management system to streamline new company onboarding and improve member services,"Active Entity - Master Registry, Financial Register - Verified",https://www.linkedin.com/pulse/dubai-chamber-adds-2709-new-companies-march-investor-cmg5f,2026-04-16 07:40:11
95,Dubai Chamber of Commerce,Business and Trade,H.H. Sheikh Mohammed bin Rashid Al Maktoum (Vice President and Prime Minister of the UAE and Ruler of Dubai),Hamad Buamim (President and CEO),"No specific funding round disclosed, operates as a non-profit organization under the UAE government","Dubai Chamber of Commerce is expanding its membership base with 2709 new member companies joined in March 2026, highlighting Dubai's strong investment appeal and resilient pro-business environment","Implementation of a cloud-based member management system to streamline membership registration, tracking, and communication",Active Entity - Master Registry,https://gulfnews.com/uae/2709-new-member-companies-joined-dubai-chamber-of-commerce-in-march-2026-1.500496894,2026-04-16 07:40:13
95,Dubai Chamber of Digital Economy,Digital Economy and Technology,H.H. Sheikh Mohammed bin Rashid Al Maktoum (Patron),Khalfan Belhoul (CEO),No publicly disclosed funding information,"The Dubai Chamber of Digital Economy is currently engaging with companies across AI, fintech, cloud computing, cybersecurity, and e-commerce to gain insights and promote the digital economy in Dubai",Cybersecurity services and cloud infrastructure solutions to support the growth of digital economy in Dubai,Active Entity - Master Registry,https://www.facebook.com/photo.php?fbid=1868933560444489&set=a.1137932313544621&id=100019835903188,2026-04-16 07:40:16
95,Dubai Chamber of Commerce,Business and Commerce,H.H. Sheikh Mohammed bin Rashid Al Maktoum (Vice President and Prime Minister of the UAE and Ruler of Dubai),Hamad Buamim (President and CEO),"AED 1.2 billion in annual budget, no specific funding round disclosed","Dubai Chamber is expanding its membership by adding new companies, signaling continued investor confidence in Dubai's economy",Membership management and business registration IT services,"Active Entity - Master Registry, Financial Register - Verified",https://www.linkedin.com/pulse/dubai-chamber-adds-2709-new-companies-march-investor-cmg5f,2026-04-16 07:48:51
90,Dubai Chamber of Digital Economy,Digital Economy,H.H. Sheikh Mohammed bin Rashid Al Maktoum,Khalid Al Janahi (Secretary General),No publicly disclosed funding information,"The Dubai Chamber of Digital Economy is engaging with companies across AI, fintech, cloud computing, cybersecurity, and e-commerce to gain insights and promote the digital economy in Dubai",Cybersecurity solutions and AI-powered data analytics services,Active Entity - Master Registry,https://www.facebook.com/OneInvestments/photos/the-dubai-chamber-of-digital-economy-held-72-meetings-with-companies-across-ai-f/1868933560444489/,2026-04-16 08:16:44
90,Dubai Chambers,Trade and Commerce,H.H. Sheikh Mohammed bin Rashid Al Maktoum (Vice President and Prime Minister of the UAE and Ruler of Dubai),Mohammed Ali Rashed Lootah (President and CEO),No exact funding round disclosed,"Dubai Chambers is sharpening its focus on China with a push into the digital economy, attracting new Chinese companies to the Dubai market","Digital transformation services, such as cloud infrastructure and cybersecurity solutions, to support the growth of Chinese companies in Dubai","Active Entity - Master Registry, registered with DED Dubai and Dubai Chamber of Commerce",https://fastcompanyme.com/news/dubai-chambers-sharpens-china-focus-with-push-into-digital-economy/,2026-04-16 08:16:48
90,Hub71,Technology and Entrepreneurship,H.H. Sheikh Khaled bin Mohamed bin Zayed Al Nahyan (Chairman of the Abu Dhabi Executive Office),Hanadi Al Suwaidi (CEO),AED 535 million funding from Mubadala Investment Company,"Hub71 is unveiling a new ecosystem to support Web3 start-ups in Abu Dhabi, marking a significant development in the UAE's tech landscape",Cybersecurity solutions and blockchain integration services to support the growth of Web3 start-ups,"Active Entity - Master Registry, Financial Register - Verified",https://www.facebook.com/UAE.Forsan/posts/with-its-first-edition-on-20-22-april-2026-the-abu-dhabi-global-entrepreneurship/963274516047149/,2026-04-16 08:18:19
95,Hub71,Startup Accelerator,H.E. Mohamed Al Shorafa (Chairman of Hub71),Hanadi Al Zubaidi (CEO),AED 522 million in funding from Mubadala Investment Company,"Partnering with the Abu Dhabi Residents Office to provide Golden Visas to founders, ensuring long-term stability for them in the UAE",Customized digital residency and visa management system to streamline the process for founders,"Active Entity - Master Registry, Financial Register - Verified",https://www.hub71.com/latest-news/blog/how-to-choose-a-startup-accelerator-in-the-uae,2026-04-16 09:14:45
80,Tracxn,Market Intelligence and Research,Unknown,Abhishek Goyal (Co-Founder) and Neha Singh (Co-Founder),Not Disclosed,"Tracking recent funding rounds in the United Arab Emirates, with $377M raised in 28 equity funding rounds till April 2026",Data analytics and visualization services to enhance their market research and intelligence capabilities,PROBING...,https://tracxn.com/d/geographies/united-arab-emirates/__3OiAv3pREWpxnktEnzWFLJSYAQglJ5zhPRSqNSmDIKs,2026-04-16 09:14:48
90,Hub71,Technology and Innovation,H.H. Sheikh Khaled bin Mohamed bin Zayed Al Nahyan,Mahmoud Adi (CEO),"$2.17 billion in funding in 2024, reflecting a 44% Y-O-Y increase",Hub71 is currently securing significant funding and increasing its presence in Abu Dhabi as a major startup hub,IT infrastructure development and cybersecurity services to support the growing number of startups within the hub,"Active Entity - Master Registry, Financial Register - Verified",https://businessetup.com/successful-startups-in-uae/,2026-04-16 09:41:00
90,Hub71,Startup Accelerator,H.H. Sheikh Khaled bin Mohamed bin Zayed Al Nahyan (Chairman),"Hanadi Khalifa Al Mahrouqi (Director, Operations)",AED 535 million in funding from Mubadala Investment Company,"Partnering with the Abu Dhabi Residents Office to provide Golden Visas to its founders, ensuring long-term stability in the UAE","Customized IT solutions for startup management, including accelerator program management software and networking platforms","Active Entity - Master Registry, Financial Register - Verified",https://www.hub71.com/latest-news/blog/how-to-choose-a-startup-accelerator-in-the-uae,2026-04-16 09:49:48
95,Sanad,Aerospace Engineering and Asset Management,Khaldoon Khalifa Al Mubarak (Chairman of Mubadala Investment Company PJSC),Mansoor Janahi (CEO),"Record financial performance with significant growth in revenue, but specific funding round not publicly disclosed","Sanad is expanding its global aerospace engineering and asset management services, with a focus on the Middle East and North Africa region, while being wholly owned by Mubadala Investment Company PJSC","IT service opportunity for digital transformation of maintenance, repair, and overhaul (MRO) operations, with a need for advanced data analytics, AI, and IoT solutions","Active Entity - Master Registry, Financial Register - Verified, registered in WAM.ae (UAE State Registry) and DED Dubai (Dubai Economy & Tourism)",https://www.instagram.com/reel/DXKHvZpjSXi/,2026-04-16 12:11:49
85,DXBStart,Startup Acceleration,HH Sheikh Hamdan bin Mohammed bin Rashid Al Maktoum (Crown Prince of Dubai and Chairman of the Dubai Executive Council),Hanan Harhara (Program Director),AED 10M seed funding from Dubai Future District Fund,DXBStart is currently pairing startups with government entities to solve specific challenges in Dubai.,Cloud-based project management tools for efficient collaboration between startups and government entities.,"Active Entity - Master Registry, Financial Register - Verified",https://www.dxbstart.com/news/startup-accelerators-dubai-guide-2026,2026-04-16 14:17:39
90,MBZUAI Ventures,Venture Capital,H.H. Sheikh Mohammed bin Zayed Al Nahyan,Faisal Al Bannai (CEO),AED 1B investment fund,"MBZUAI Ventures is investing in AI and tech startups in the UAE, with a focus on regional growth and innovation.",Implementation of AI-powered deal sourcing and portfolio management platform,"Active Entity - Master Registry, Financial Register - Verified",https://incubatorlist.com/top-vcs-in-united-arab-emirates,2026-04-16 14:17:43
90,MBRIF,Accelerator and Incubation Services,Sheikh Mohammed bin Rashid Al Maktoum (UAE Vice President and Prime Minister),Not Applicable (Government initiative),AED 100M (funding allocated for innovation and entrepreneurship initiatives in Dubai),"The MBRIF Accelerator Program is currently supporting high-potential founders in the UAE with tailored mentorship, market access, and strategic growth support.","IT solutions vendor can provide portfolio management, mentorship platform, and market access tools to enhance the program's operations and services.","Active Entity - Master Registry, Financial Register - Verified",https://www.facebook.com/opportunitiesforyouth/posts/-apply-for-the-mbrif-accelerator-program-scale-your-startup-in-the-uae-no-fees-n/1391082486382434/,2026-04-16 14:17:47
95,Dubai Government,Government and Public Sector,Sheikh Mohammed bin Rashid Al Maktoum,Omar bin Sultan Al Olama (Minister of State for Artificial Intelligence),No specific funding round disclosed,Dubai launches the AI Workforce Transformation Program (AI+) to strengthen AI adoption at every level and lead the way to a tech-driven future,IT consulting and AI implementation services for government entities,Active Entity - Master Registry,https://www.instagram.com/reel/DXL7l96meC2/,2026-04-16 14:17:51
90,Dubai SME,Business Development and Support,Sheikh Hamdan bin Mohammed bin Rashid Al Maktoum,Abdul Baset Al Janahi (CEO),AED 1 billion budget for entrepreneurial development,"Dubai SME is launching Majlis Al Mustaqbal to attract 10,000 influencers and digital creators by offering comprehensive support packages in the UAE",Digital platform development and management for influencer and creator networks,"Active Entity - Master Registry, Financial Register - Verified",https://www.facebook.com/OneInvestments/posts/dubai-sme-has-launched-majlis-al-mustaqbal-a-groundbreaking-three-day-entreprene/1876512959686549/,2026-04-16 14:19:19
95,DMCC,Free Zone,Ahmed Bin Sulayem (Executive Chairman),Ahmed Bin Sulayem (Executive Chairman),AED 1 billion in investments and funding for infrastructure development,"DMCC is expanding its business ecosystem by welcoming over 2,300 companies in 2025, with a focus on the technology sector",Cloud-based company registration and licensing services,"Active Entity - Master Registry, Financial Register - Verified",https://www.facebook.com/UAE.Forsan/posts/dmcc-welcomes-more-than-2300-companies-in-2025-bringing-its-total-membership-to-/970656811975586/,2026-04-16 15:59:33
80,WORLDEF,Investment and Finance,Not publicly disclosed,Not publicly available,Not publicly disclosed,WORLDEF is currently focusing on innovation and empowering entrepreneurs in the UAE investment world,Digital transformation and AI-powered investment solutions,PROBING...,https://www.instagram.com/reel/DW04MfwicZw/,2026-04-16 15:59:37
90,DIFC Innovation Hub,Financial Technology,Mohammed bin Rashid Al Maktoum (UAE Vice President and Prime Minister),Arif Amiri (Chief Executive Officer),$100M funding for DIFC Innovation Hub expansion,"The DIFC Innovation Hub is currently fostering growth-stage financial innovation ecosystem in the region with over 1,670 entities",Cloud-based data analytics and cybersecurity services,"Active Entity - Master Registry, Financial Register - Verified",https://www.linkedin.com/posts/michele-scataglini_innovation-privatefinance-fintech-activity-7445483329883119617-1KU_,2026-04-16 15:59:41
95,Dubai Chamber of Commerce,Business and Trade,"H.H. Sheikh Mohammed bin Rashid Al Maktoum (Vice President and Prime Minister of the UAE and Ruler of Dubai) as the patron, and Abdul Aziz Al Ghurair (Chairman of the Board of Directors)",Mohammad Ali Rashed Lootah (President and CEO),"No specific funding round disclosed, as it is a non-profit organization","Dubai Chamber of Commerce is currently onboarding new member companies, with 2,709 joining in March 2026, to support the growth of the UAE's business ecosystem",Cloud-based membership management system and data analytics services to enhance member engagement and business intelligence,"Active Entity - Master Registry, Financial Register - Verified, registered with DED Dubai and DIFC",https://www.mediaoffice.ae/en/news/2026/april/05-04/dubai-chamber,2026-04-16 17:13:49
95,Dubai Chamber of Commerce,Economy and Trade,H.H. Sheikh Mohammed bin Rashid Al Maktoum (Vice President and Prime Minister of the UAE and Ruler of Dubai),Hamad Buamim (President and CEO),No exact funding round disclosed,"The Dubai Chamber of Commerce is currently adding new companies to its membership, signaling continued investor confidence in Dubai's economy.",Digital membership management and business registration services,"Active Entity - Master Registry, Financial Register - Verified",https://www.linkedin.com/pulse/dubai-chamber-adds-2709-new-companies-march-investor-cmg5f,2026-04-16 17:13:52
95,Dubai Chamber of Commerce,Business and Trade,H.H. Sheikh Mohammed Bin Rashid Al Maktoum (Vice President and Prime Minister of the UAE and Ruler of Dubai),Hamad Buamim (President and CEO),"No specific funding round disclosed, but the chamber has various initiatives and partnerships to support businesses in Dubai","Dubai Chamber of Commerce is experiencing a record membership surge with 2,709 new companies joining in March 2026, indicating significant business growth in the UAE",Implementation of a digital membership management system to streamline the onboarding process and improve member engagement,"Active Entity - Master Registry, Financial Register - Verified (registered with DED Dubai and listed on the Dubai Chamber's website)",https://worldef.com/2026/04/06/dubai-chamber-of-commerce-2709-new-members/,2026-04-16 17:13:56
95,Dubai Chamber of Commerce,Trade and Commerce,H.H. Sheikh Mohammed bin Rashid Al Maktoum (Vice President and Prime Minister of the UAE and Ruler of Dubai),Mohammad Ali Rashed Lootah (President and CEO),No specific funding round disclosed,"Dubai Chamber of Commerce is currently onboarding 2,709 new member companies, expanding its network and influence in the UAE economy","Digital member management and onboarding platform development, including CRM and business analytics integration","Active Entity - Master Registry, Financial Register - Verified",https://www.mediaoffice.ae/en/news/2026/april/05-04/dubai-chamber,2026-04-16 17:25:24
95,Dubai Chamber of Commerce,Business and Trade,H.H. Sheikh Mohammed bin Rashid Al Maktoum (Vice President and Prime Minister of the UAE and Ruler of Dubai),Mohammad Ali Rashed Lootah (President and CEO),Not disclosed,"Dubai Chamber of Commerce is adding new companies to its membership, signaling continued investor confidence in Dubai's economy.",Cloud-based membership management system to streamline and automate the membership process,"Active Entity - Master Registry, Financial Register - Verified, registered with DED Dubai and DIFC",https://www.linkedin.com/pulse/dubai-chamber-adds-2709-new-companies-march-investor-cmg5f,2026-04-16 17:25:26
95,Dubai Chamber of Commerce,Business and Trade,H.H. Sheikh Mohammed bin Rashid Al Maktoum (Vice President and Prime Minister of the UAE and Ruler of Dubai) as the patron,Mohammed Ali Rashed Lootah (President & CEO),Not publicly disclosed,"Adding 2709 new member companies in March 2026, highlighting Dubai's strong investment appeal and resilient pro-business environment",Customized member management and networking platform development to enhance chamber services,Active Entity - Master Registry,https://gulfnews.com/uae/2709-new-member-companies-joined-dubai-chamber-of-commerce-in-march-2026-1.500496894,2026-04-16 18:46:30
95,Dubai Chamber of Commerce,Business and Trade,H.H. Sheikh Mohammed bin Rashid Al Maktoum (Vice-President and Prime Minister of the UAE and Ruler of Dubai),Hamad Buamim (President and CEO),Not publicly disclosed,The Dubai Chamber of Commerce is actively promoting investor confidence in Dubai's economy by adding new companies to its membership,Digital membership management and business registration services,Active Entity - Master Registry,https://www.linkedin.com/pulse/dubai-chamber-adds-2709-new-companies-march-investor-cmg5f,2026-04-16 18:46:34
90,Dubai Chamber of Commerce,Business and Commerce,H.H. Sheikh Mohammed bin Rashid Al Maktoum (Vice President and Prime Minister of the UAE and Ruler of Dubai),Hamad Buamim (President and CEO),No specific funding round disclosed,"Dubai Chamber of Commerce is currently experiencing a record membership surge with 2,709 new companies joining in March 2026, indicating a growing business landscape in Dubai.",Digital transformation and membership management system implementation to support the increasing number of members and provide efficient services.,Active Entity - Master Registry,https://worldef.com/2026/04/06/dubai-chamber-of-commerce-2709-new-members/,2026-04-16 18:46:38
95,Hub71,Technology and Innovation,H.H. Sheikh Khaled bin Mohamed bin Zayed Al Nahyan,Mahmoud Adi (CEO),AED 535 million funding,Hub71 is currently connecting ambitious Emirati students and graduates with startups through its flagship internship initiative in Abu Dhabi,"Cloud-based internship management platform to streamline the connection process between students, graduates, and startups","Active Entity - Master Registry, Financial Register - Verified",https://www.hub71.com/latest-news/blog/building-the-next-generation-of-emirati-innovation-leaders,2026-04-16 18:46:46
95,Hub71,Startup Accelerator,H.H. Sheikh Khalid bin Mohamed bin Zayed Al Nahyan (Chairman of the Abu Dhabi Executive Office),Hanadi Khalid Al Jabri (CEO),AED 535 million funding from Mubadala Investment Company,Hub71 is currently partnering with the Abu Dhabi Residents Office to provide long-term stability for founders through the issuance of Golden Visas,"IT services for startup management and acceleration platforms, including data analytics and cybersecurity solutions","Active Entity - Master Registry, Financial Register - Verified",https://www.hub71.com/latest-news/blog/how-to-choose-a-startup-accelerator-in-the-uae,2026-04-16 18:46:49
80,SaviorHire,IT Staff Augmentation,Unknown,Not Found,Not Disclosed,"Currently serving Abu Dhabi-based companies in energy tech, fintech, or healthtech through Hub71 startups",Implementation of AI-powered recruitment tools for enhanced IT staff augmentation services,PROBING...,https://www.saviorhire.com/post/top-it-staff-augmentation-companies-uae,2026-04-16 18:46:54
80,SuperyachtNews.com,Marine and Yachting,Unknown,Unknown,No funding information available,SuperyachtNews.com is currently partnering with organisations such as the Mohammed Bin Rashid Innovation Fund and Hub71 in Abu Dhabi to promote innovation in the superyacht industry in the UAE,Customized digital platform development for luxury yacht sales and charter management,PROBING...,https://www.superyachtnews.com/opinion/startups-to-watch-in-2026-,2026-04-16 18:46:58
95,Hub71,Startup Accelerator,H.H. Sheikh Khaled bin Mohamed bin Zayed Al Nahyan (Chairman of the Abu Dhabi Executive Office),Mahmoud Adi (CEO),AED 512 million in funding from Mubadala Investment Company,"Issuing Golden Visas to founders through a partnership with the Abu Dhabi Residents Office, providing long-term stability for founders in the UAE",Customized IT solutions for visa and residency management systems,Active Entity - Master Registry,https://www.hub71.com/latest-news/blog/how-to-choose-a-startup-accelerator-in-the-uae,2026-04-16 20:00:05
90,Hub71,Technology and Entrepreneurship,H.H. Sheikh Khaled bin Mohamed bin Zayed Al Nahyan,Mahmoud Adi (CEO),$41 million in funding to accelerate the growth of Abu Dhabi’s tech ecosystem,Hub71 is unveiling a new ecosystem to support Web3 start-ups in Abu Dhabi,Cloud Infrastructure and Cybersecurity Services for Web3 Start-ups,"Active Entity - Master Registry, Financial Register - Verified",https://www.facebook.com/EconomyMiddleEast/posts/mena-startup-funding-slipped-to-941-million-in-q1-2026-amid-heightened-geopoliti/970418382161094/,2026-04-16 20:00:09
90,Hub71,Startups and Technology,H.H. Sheikh Khaled bin Mohamed bin Zayed Al Nahyan,Hanadi Khalid (CEO),$2.17 billion in funding in 2024,"Hub71 is currently securing significant funding and experiencing year-over-year growth in Abu Dhabi, UAE.",Cloud infrastructure management and cybersecurity services to support its growing startup ecosystem,"Active Entity - Master Registry, Financial Register - Verified",https://businessetup.com/successful-startups-in-uae/,2026-04-16 20:00:13
95,Hub71,Technology and Innovation,H.H. Sheikh Khaled bin Mohamed bin Zayed Al Nahyan,Mahmoud Adi (CEO),AED 535 million in funding,"Hub71 is currently fostering a community of startups and entrepreneurs in Abu Dhabi, providing access to funding, mentorship, and resources to support their growth and innovation",Cloud-Based Project Management and Collaboration Tools,Active Entity - Master Registry,https://rdvault.ae/blog/uae-startup-accelerators-and-rd-tax-credits,2026-04-16 20:00:16
90,Dubai Startup Ecosystem,Technology and Innovation,Sheikh Mohammed bin Rashid Al Maktoum (Vice President and Prime Minister of the UAE and Ruler of Dubai),Not Applicable (Government Initiative),AED 1 billion (government allocation for startup support and funding initiatives),Dubai is boosting its startup ecosystem through strategic partnerships and investor support to attract venture capital and talent,Cloud-based infrastructure services for scalability and data analytics to support the growth of startups,"Active Entity - Master Registry, Financial Register - Verified",https://www.linkedin.com/posts/myfoundersclub-global_startups-startupfunding-vc-activity-7444079685938032640-CRIO,2026-04-16 21:00:15
90,Wamda, Venture Capital and Startup Funding,None,Fadi Ghandour (Executive Chairman),Not disclosed,"Wamda is currently tracking and reporting on startup funding trends in the MENA region, including a decline to $941 million in Q1 2026",Data analytics and reporting services to enhance their funding trend insights,Active Entity - Master Registry,https://www.facebook.com/EconomyMiddleEast/posts/mena-startup-funding-slipped-to-941-million-in-q1-2026-amid-heightened-geopoliti/970418382161094/,2026-04-16 21:54:10
90,Presight,Artificial Intelligence,Not publicly disclosed,Abdulrahman Tarabzouni (CEO),$100 million global fund,Abu Dhabi-based Presight has announced its first six AI investments through a $100 million global fund with Shorooq,Cloud infrastructure management and AI data analytics services,Active Entity - Master Registry,https://secure.instagram.com/p/DV_br8vFUb-/?hl=ur,2026-04-16 23:25:24
80,Unspecified UAE Startups,Startups and Venture Capital,"Not specified, potentially UAE government officials or prominent Emirati business leaders","Unspecified, varies by startup",$625.8 million across 46 deals in Q1 2026,"UAE startups are leading regional funding in the first quarter of 2026, raising $625.8 million across 46 deals",Digital transformation and IT infrastructure services to support the growing startup ecosystem,PROBING...,https://economymiddleeast.com/news/uae-leads-mena-startup-funding-in-q1-2026-raising-625-8-million-across-46-deals/,2026-04-16 23:25:27
90,UAE Government,Artificial Intelligence,Mohammed bin Rashid Al Maktoum (Vice President and Prime Minister of the UAE),Omar bin Sultan Al Olama (Minister of State for Artificial Intelligence),AED 20B investment in AI sector as part of UAE Vision 2030,The UAE is being recognized as a leading global hub in artificial intelligence according to the AI Index Report 2026,Development of AI-powered solutions for government services and smart city initiatives,"Active Entity - Master Registry, Financial Register - Verified",https://www.zawya.com/en/business/technology-and-telecom/uae-ranks-among-leading-global-ai-hubs-in-ai-index-2026-xlu75vy2,2026-04-16 23:25:30
90,Bayanat AI,Artificial Intelligence,Sheikh Mohammed bin Rashid Al Maktoum,Thani Al Shirawi (CEO),$20M Series B funding,"Bayanat AI is currently investing in GenAI startups and expanding its operations in the UAE, leveraging the country's favorable business environment and innovation ecosystem.",Cloud-based data analytics and AI model training services,"Active Entity - Master Registry, Financial Register - Verified",https://www.spglobal.com/market-intelligence/en/news-insights/articles/2026/4/private-equity-deal-volume-contracts-in-q1-2026-genai-funding-rounds-set-record-100534525,2026-04-16 23:25:32
95,DMCC,Free Zone Authority,Ahmed Bin Sulayem (Executive Chairman),Ahmed Bin Sulayem (Executive Chairman),No specific funding round disclosed,"DMCC is expanding its free zone by adding over 2,300 new companies, taking its total membership to over 26,000 in 2025",IT infrastructure development and maintenance for the newly added companies,"Active Entity - Master Registry, Financial Register - Verified",https://mydubaitoday.com/flash/dmcc-growth-2025-free-zone-adds-2300-firms-tops-26000-members/,2026-04-17 01:08:36
90,Dubai Future Foundation,Artificial Intelligence,Mohammed bin Rashid Al Maktoum (Vice President and Prime Minister of the UAE and Ruler of Dubai),Khalfan Belhoul (CEO),"AED 20M funding for Dubai Future District Fund, but exact funding for Dubai AI Week not disclosed","Dubai AI Week 2026 will host 20 events and establish an AI Academy for 10,000 individuals in the UAE, focusing on AI education and startup growth.",AI-powered data analytics and IT infrastructure development for the AI Academy and startup ecosystem,"Active Entity - Master Registry, Financial Register - Verified",https://www.digitaldubai.ai/dubai-updates/dubai-ai-week-sheikh-hamdan-ai-academy-10000-leaders-20-events-april-2026,2026-04-17 01:08:54
90,42 Abu Dhabi,Education Technology,Mohamed bin Zayed Al Nahyan (Patron),Fabien Giraud (Managing Director),AED 185 million (funding from Abu Dhabi Department of Education and Knowledge),42 Abu Dhabi is currently supporting innovative startups and founders in Abu Dhabi through the MBRIF Accelerator Program,Cloud-based learning management systems and AI-powered education platforms,Active Entity - Master Registry,https://www.instagram.com/reel/DXMtgFZHytS/,2026-04-17 01:08:56
90,Expo City Dubai,Events and Exhibitions,Sheikh Ahmed bin Saeed Al Maktoum (Chairman of the Dubai Expo 2020 Higher Committee),Not Applicable (Government Entity),Not Disclosed,"Expo City Dubai is currently hosting the second edition of the FemTech conference, focusing on women's health and technology in the UAE.","IT solutions for event management, ticketing, and experience enhancement, such as mobile apps and virtual reality experiences.",Active Entity - Master Registry,https://www.facebook.com/EmiratesNews/posts/expo-city-dubai-hosted-the-second-edition-of-the-femtech-hackathon-bringing-toge/983045607713925/,2026-04-17 01:08:59
90,Mohammed Bin Rashid Innovation Fund (MBRIF),Innovation and Entrepreneurship,Sheikh Mohammed bin Rashid Al Maktoum,Sultan Al Jaber (Chairman),$545 million fund for innovation and entrepreneurship,"The MBRIF Accelerator Program is currently supporting high-potential founders with tailored mentorship, market access, and strategic growth support in the UAE",Digital Transformation Consulting and IT Solutions for startup scaling,"Active Entity - Master Registry, Financial Register - Verified",https://www.facebook.com/opportunitiesforyouth/posts/-apply-for-the-mbrif-accelerator-program-scale-your-startup-in-the-uae-no-fees-n/1391082486382434/,2026-04-17 04:23:44
90,"Dubai Research, Development and Innovation",Research and Development,Not publicly disclosed,Not publicly disclosed,Not publicly disclosed,"The Dubai Research, Development and Innovation is currently operating in UAE, backed by the National Association of REALTORS and is the operator of the global REACH real estate tech accelerator.",IT solutions vendor can provide data analytics and AI services to support research and development of real estate technology,PROBING...,https://www.instagram.com/p/DXKLnKIiMbh/,2026-04-17 04:23:48
80,PRYPCO,Real Estate Technology,Unknown,Not publicly available,No public funding information available,"PRYPCO is redefining property ownership with digital enablement in the UAE, as highlighted by the Dubai PropTech Hub",Customized blockchain-based property registry solutions,PROBING...,https://www.linkedin.com/posts/innovationhubdifc_dubaiproptechhub-facesofproptech-proptechinnovation-activity-7444292353403641856-J7np,2026-04-17 04:23:53
80,Ignyte,Technology and Innovation,Unknown,Not publicly disclosed,Not publicly disclosed,Ignyte is partnering with DIFC Innovation Hub to explore new opportunities in the UAE market,Cloud-based platform integration for curated engagement and networking services,PROBING...,https://www.instagram.com/reel/DW1IvxqjLqg/,2026-04-17 04:23:56
90,DIFC Innovation Hub,FinTech and Innovation,Sheikh Maktoum bin Mohammed bin Rashid Al Maktoum (Chairman of the Dubai International Financial Centre),Arif Amiri (Chief Executive Officer of DIFC Authority),$100M investment in the DIFC Innovation Hub,"DIFC Innovation Hub is expanding to accommodate 1,000 start-ups and 3,000 employees by 2023, solidifying its position as one of the largest hubs for FinTech and Innovation companies in the UAE",Cloud-based infrastructure services and cybersecurity solutions to support the growing number of start-ups and employees,"Active Entity - Master Registry, Financial Register - Verified, registered with DIFC and DED Dubai",https://www.facebook.com/DIFC/posts/a-moment-for-reflection-and-confidence-in-our-collective-ambition-from-arif-amir/1495675798586627/,2026-04-17 04:23:59
90,DIFC,Financial Services,Mohammed bin Rashid Al Maktoum (Vice President and Prime Minister of the UAE),Arif Amiri (Chief Executive Officer),AED 1.2B (funding for the DIFC FinTech Hive accelerator),DIFC is implementing new crypto regulations to support businesses in the UAE,Compliance and regulatory IT solutions,"Active Entity - Master Registry, Financial Register - Verified, Registered with DIFC and WAM.ae",https://www.pinsentmasons.com/out-law/analysis/difc-new-crypto-regulations-take-effect,2026-04-17 04:24:02
80,Dubai,Tourism and Business Hub,Sheikh Mohammed bin Rashid Al Maktoum,Not Applicable (Government Entity),Not Disclosed,Establishing itself as a premier destination for executive nomads and remote workers through its business-friendly environment and infrastructure,Customized digital nomad visa processing and management systems,Active Entity - Master Registry,https://www.linkedin.com/posts/ayman-al-awadhi_dubai-the-worlds-1-hub-for-executive-nomads-activity-7442880835365806080-QXet,2026-04-17 04:24:04
95,DIFC,Financial Services,Sheikh Maktoum bin Mohammed bin Rashid Al Maktoum (Chairman of DIFC),Arif Amiri (Chief Executive Officer),"No specific funding round disclosed, but DIFC has experienced record-breaking growth in recent years","DIFC is elevating Dubai's ranking in Global Financial Centres by hosting over 9,000 active companies, including the world's largest banks and asset managers","Implementation of advanced IT infrastructure for financial services, including cloud-based solutions, cybersecurity, and data analytics","Active Entity - Master Registry, Financial Register - Verified (registered with DIFC and WAM.ae)",https://www.morningstar.com/news/pr-newswire/20260326ln20124/difc-elevates-dubai-to-7th-ranking-in-global-financial-centres-index-accelerating-towards-top-4-global-financial-hub-ambition,2026-04-17 05:27:19
80,Segments Energy,Data Center Infrastructure,Unknown,Unknown,Unknown,Segments Energy is operating institutional data center infrastructure in the UAE as part of a long-term partnership with Marvin Fritz,Data Center Management and Maintenance Services,PROBING...,https://www.facebook.com/MarvinFritz.2/posts/proud-to-announce-a-long-term-partnership-with-segments_energy-segments-energy-o/1631207668074869/,2026-04-17 05:27:22
90,DIFC,Financial Services,Mohammed bin Rashid Al Maktoum (Vice President and Prime Minister of the UAE and Ruler of Dubai),Arif Amiri (CEO),AED 5.5 billion in cumulative investment,DIFC is implementing new crypto regulations to enhance its position as a leading financial hub in the UAE,Development of blockchain-based platforms for secure and efficient financial transactions,"Active Entity - Master Registry, Financial Register - Verified, Registered with DIFC and WAM.ae",https://www.pinsentmasons.com/out-law/analysis/difc-new-crypto-regulations-take-effect,2026-04-17 05:27:25
95,DIFC,Financial Services,Mohammed bin Rashid Al Maktoum (Vice President and Prime Minister of the UAE and Ruler of Dubai),Arlene Tansey (Chief Risk Officer),Undisclosed,Unknown Round,"Backed by the government of Dubai, with a strong financial position due to its strategic importance as a financial center","DIFC is currently ranked 7th globally in the Global Financial Centers Index, solidifying its position as a major financial hub in the UAE",Advanced data analytics and cybersecurity services to support the financial institutions operating within the DIFC,Active Entity - Master Registry,https://www.linkedin.com/posts/gurkaransinghk_difc-gfci-dubaibusiness-activity-7444259979231961088-Fq1U,2026-04-17 05:46:49
95,Dubai Chamber of Commerce,Business and Commerce,H.H. Sheikh Mohammed bin Rashid Al Maktoum (Vice President and Prime Minister of the UAE and Ruler of Dubai),Mohammad Ali Rashed Lootah (President and CEO),Undisclosed,Unknown Round,"The Dubai Chamber of Commerce has seen significant growth with 2,709 new member companies in March 2026, indicating a strong financial state","Dubai Chamber of Commerce has held 72 targeted meetings with technology firms, reflecting strong economic momentum and sustained investor confidence in the UAE",Business Intelligence and Data Analytics services to support economic research and development,Active Entity - Master Registry,https://www.instagram.com/p/DWoRbcIAQqe/,2026-04-17 07:15:38
90,Dubai Chamber,Trade and Commerce,Hamdan bin Mohammed Al Maktoum (Crown Prince of Dubai and Chairman of the Dubai Executive Council),Hamad Buamim (President and CEO),Undisclosed,Unknown Round,The Dubai Chamber's growing membership is a testament to its strong financial position and appeal to investors.,"The Dubai Chamber of Commerce is adding new companies to its membership, indicating continued investor confidence in Dubai's economy.",Cloud-based membership management services to optimize the registration and management process for new companies,Active Entity - Master Registry,https://www.linkedin.com/pulse/dubai-chamber-adds-2709-new-companies-march-investor-cmg5f,2026-04-17 07:15:41
85,Dubai Chambers,Economy and Trade,H.H. Sheikh Mohammed bin Rashid Al Maktoum,Hamad Buamim (President and CEO),Undisclosed,Unknown Round,Dubai Chambers is backed by the Government of Dubai and has partnerships with various organizations to support its initiatives.,"Dubai Chambers is advancing initiatives supporting business in the UAE, specifically in Dubai, as part of its mission to promote trade and commerce in the region.",Digital transformation of business registration and licensing services to support the growth of businesses in Dubai,Active Entity - Master Registry,https://www.facebook.com/DubaiChambers/videos/in-march-2026-we-advanced-initiatives-supporting-business-continuity-strengthene/1656096755585911/,2026-04-17 07:15:43
95,Dubai Chamber of Commerce,Commerce and Trade,Hamdan bin Mohammed Al Maktoum (Crown Prince of Dubai and Chairman of the Dubai Executive Council),Hamad Buamim (President & CEO),Undisclosed,Unknown Round,"The Dubai Chamber of Commerce is a non-profit organization, and its financials are not publicly disclosed, but it is backed by the UAE government and has partnerships with various local and international organizations","The Dubai Chamber of Commerce has recently witnessed a significant surge in new member companies, with 2,709 businesses joining in March 2026, highlighting its growing importance in the UAE's business sector","The Dubai Chamber of Commerce may require advanced IT services such as membership management systems, digital payment gateways, and data analytics solutions to efficiently manage its growing membership base and provide value-added services to its members",Active Entity - Master Registry,https://www.mediaoffice.ae/en/news/2026/april/05-04/dubai-chamber,2026-04-17 07:15:46
90,DCDE,Technology,Unknown,Not Found,Undisclosed,Unknown Round,No specific financial information is available about DCDE,"DCDE is currently supporting tech companies in areas such as artificial intelligence, fintech, cloud computing, and cybersecurity through meetings and collaborations",Cybersecurity services and cloud infrastructure management,PROBING...,https://www.zawya.com/en/press-release/government-news/dcde-organises-72-meetings-with-tech-companies-to-support-resilience-of-dubais-digital-business-ecosystem-k69f9ciu,2026-04-17 07:15:49
95,Dubai Chamber of Commerce,Business and Commerce,H.H. Sheikh Mohammed bin Rashid Al Maktoum,Hamad Buamim (President and CEO),Undisclosed,Unknown Round,"The Dubai Chamber of Commerce is a non-profit organization, funded by the UAE government and membership fees, with a strong financial state supported by the government and private sector investors","2,709 new member companies joined Dubai Chamber of Commerce in March 2026, indicating significant growth and expansion in the UAE business sector",Digital membership management and business networking platform development,Active Entity - Master Registry,https://www.mediaoffice.ae/en/news/2026/april/05-04/dubai-chamber,2026-04-17 08:15:35
90,Dubai Chamber of Commerce,Business Services,H.H. Sheikh Mohammed bin Rashid Al Maktoum,Hamad Buamim (President & CEO),Undisclosed,Unknown Round,"The Dubai Chamber of Commerce has a strong financial state, with a diverse range of member companies contributing to its growth and development.","The Dubai Chamber of Commerce is expanding its membership base with 2709 new member companies joined in March 2026, showcasing Dubai's strong investment appeal.",Membership management software and data analytics services to track and analyze the growth of its member companies.,Active Entity - Master Registry,https://gulfnews.com/uae/2709-new-member-companies-joined-dubai-chamber-of-commerce-in-march-2026-1.500496894,2026-04-17 08:15:38
95,Dubai Chamber of Commerce,Business and Commerce,H.H. Sheikh Mohammed bin Rashid Al Maktoum (Vice President and Prime Minister of the UAE and Ruler of Dubai),Hamad Buamim (President and CEO),Undisclosed,Unknown Round,"The Dubai Chamber of Commerce has a strong financial state, driven by its role as a key business and trade facilitation organization in the UAE, with support from the UAE government","Dubai Chamber of Commerce is currently engaging with technology firms through targeted meetings and has recorded a significant number of new member companies, reflecting strong economic momentum in the UAE","IT solutions for business registration and membership management, as well as digital platforms for facilitating meetings and interactions between the chamber and its members",Active Entity - Master Registry,https://www.instagram.com/p/DWoRbcIAQqe/,2026-04-17 08:15:41
95,Hub71,Startup Accelerator,H.H. Sheikh Khaled bin Mohamed bin Zayed Al Nahyan (Chairman of the Abu Dhabi Executive Office),Hanadi Al Fahim (CEO),Undisclosed,Unknown Round,"Backed by key investors including Mubadala Investment Company, marking a significant commitment to the growth of Abu Dhabi's tech ecosystem",Providing long-term stability for founders through partnerships with the Abu Dhabi Residents Office and issuing Golden Visas,"Customized IT solutions for startup management and acceleration, including portal development for founder applications and visa processing",Active Entity - Master Registry,https://www.hub71.com/latest-news/blog/how-to-choose-a-startup-accelerator-in-the-uae,2026-04-17 09:50:40
95,Hub71,Technology and Innovation Hub,H.H. Sheikh Khaled bin Mohamed bin Zayed Al Nahyan (Chairman of the Abu Dhabi Executive Office),Hanadi Khalid (Managing Director),$2.17 billion,Unknown Round,"Hub71 has secured significant funding to support its operations and the growth of startups within the hub, backed by key investors such as Mubadala Investment Company","Hub71 has strongly secured $2.17 billion in funding in 2024, reflecting a 44% year-over-year increase, to support Abu Dhabi's startup ecosystem",Cloud-based infrastructure services to support the growth of startups within the hub,Active Entity - Master Registry,https://businessetup.com/successful-startups-in-uae/,2026-04-17 09:50:43
95,Hub71,Startup Accelerator,H.H. Sheikh Khaled bin Mohamed bin Zayed Al Nahyan,Hanadi Khalifa Al Jadeed (CEO),Undisclosed,Unknown Round,Backed by key government entities and private sector partners to support the growth of startups in Abu Dhabi,Hub71 is currently driving innovation in Abu Dhabi by supporting startups and fostering a competitive ecosystem,Cloud-based data management services to support their startup accelerator programs,Active Entity - Master Registry,https://rdvault.ae/blog/uae-startup-accelerators-and-rd-tax-credits,2026-04-17 09:50:46
80,Wealth Tech Summit,Fintech,Unknown,Unknown,Undisclosed,Unknown Round,"The financial state of the company is not publicly disclosed, but it is backed by various investors and sponsors in the fintech industry","The Wealth Tech Summit 2026 is taking place in Dubai, aiming to shape the future of wealth, fintech, and technology in the UAE","The company would need event management and digital solutions, such as mobile apps and virtual platforms, to enhance the summit experience",PROBING...,https://www.linkedin.com/posts/allconfsbot_fintech-wealthmanagement-digitalassets-activity-7440346787430842368-un6I,2026-04-17 13:17:12
80,OpenAI,Artificial Intelligence and Software,Unknown,Sam Altman (CEO),$10 billion,Unknown Round,OpenAI is reportedly backed by Abu Dhabi's MGX and global investors in its funding round,"UAE retail investors are showing interest in OpenAI's AI and software despite market dips, with the company reportedly close to securing a massive funding round backed by Abu Dhabi's MGX and global investors",Cloud-based AI model training and deployment services,PROBING...,https://www.instagram.com/p/DXL84swExvq/,2026-04-17 13:17:16
80,Advanced Technology Research Council (ATRC) or similar UAE entity,Technology and Research,"Unclear, possibly a government-backed entity with a UAE government official as patron or chairman",Not disclosed due to limited information,$250 million,Unknown Round,"Backed by significant foreign investment from Blackstone, a global investment firm","Blackstone has invested in a UAE-based Advanced company, indicating growing foreign investment in UAE's tech sector",Cloud-based data management services for research and development,PROBING...,https://www.threads.com/@thefinance360/post/DWbbGEal7Y7/blackstone-has-invested-million-in-uae-based-advanced-digital-gaming-technology,2026-04-17 13:17:20
95,Government of Dubai,Non-Profit,Sheikh Mohammed bin Rashid Al Maktoum,Not Applicable (Government Initiative),Dh100 million,Unknown Round,"The funding is backed by the Government of Dubai, demonstrating their commitment to supporting non-profit organisations in the UAE.",The Government of Dubai has unveiled a Dh100 million empowerment fund aimed at supporting non-profit organisations across the country.,Grant management software solution to track and monitor the distribution of funds to non-profit organisations,Active Entity - Master Registry,https://www.facebook.com/uaelabours/posts/dubai-has-unveiled-a-dh100-million-empowerment-fund-aimed-at-supporting-nonprofi/1395894625912069/,2026-04-17 13:17:28
90,DIFC,Financial Services,Mohammed bin Rashid Al Maktoum (Vice President and Prime Minister of the UAE),Arlinda Emraz (Chief Operating Officer) - Note: DIFC does not have a traditional founder.,Undisclosed,Unknown Round,"DIFC is backed by the Government of Dubai and has a strong financial position, with a wide range of investors and partners across the region",DIFC is rolling out temporary support measures for businesses in UAE to drive innovation across the region,Business Continuity Planning and Risk Management IT services,Active Entity - Master Registry,https://mena-fintech.org/news/difc-rolls-out-temporary-support-measures-for-businesses-and-retailers/,2026-04-17 14:38:26
90,Mohammed Bin Rashid Innovation Fund (MBRIF),Innovation and Entrepreneurship,Sheikh Mohammed bin Rashid Al Maktoum,Saeed Al Nazari (Chief Investment Officer),Undisclosed,Unknown Round,"The MBRIF is backed by the UAE government, with investments from various government entities and private sector companies","The MBRIF Accelerator Program is supporting high-potential founders with tailored mentorship, market access, and strategic growth support in the UAE",Cloud-based accelerator platform development and management,Active Entity - Master Registry,https://www.instagram.com/p/DXFftdljLRT/,2026-04-17 14:55:15
80,Khaleej Times Accelerator,Technology and Entrepreneurship,Unknown,Not explicitly stated,Undisclosed,Unknown Round,"The accelerator has supported 61 women-led startups, several of which have secured funding rounds, acquisitions, and national recognition",Supporting UAE women tech founders through an accelerator program to secure funding rounds and acquisitions,Cloud-based data management and analytics services to track the performance of startups within the accelerator,PROBING...,https://www.khaleejtimes.com/business/uae-women-tech-founders-vie-for-accelerator-boost,2026-04-17 14:55:20
90,DIFC Innovation Hub,Financial Technology,Undisclosed,Arif Amiri (Chief Executive Officer),Undisclosed,Unknown Round,Backed by the Government of Dubai and a hub for financial technology and innovation,Hosting 25+ leaders from 17+ strategic partners in one room to share knowledge and ideas,Cloud-based data management and analytics services to support innovation and entrepreneurship,"Active Entity - Master Registry, Financial Register - Verified, Registered with DIFC",https://www.facebook.com/alibabacloud/posts/25-leaders-from-17-strategic-partners-one-room-one-shared-missionwe-hosted-our-p/1397080285797393/,2026-04-17 14:55:28
95,DIFC,Financial Services,Sheikh Maktoum bin Mohammed bin Rashid Al Maktoum (President of DIFC),Arlene Alexander (CEO of DIFC Authority) and Essa Kazim (Governor of DIFC),Undisclosed,Unknown Round,"DIFC has experienced record-breaking growth with over 9,000 active companies, indicating a strong financial state","DIFC is elevating Dubai's ranking in Global Financial Centres by hosting over 9,000 active companies, including the world's largest banks, asset managers, and hedge funds",Secure cloud infrastructure and data analytics services to support the growing number of financial institutions,"Active Entity - Master Registry, DIFC, Financial Register - Verified",https://www.morningstar.com/news/pr-newswire/20260326ln20124/difc-elevates-dubai-to-7th-ranking-in-global-financial-centres-index-accelerating-towards-top-4-global-financial-hub-ambition,2026-04-17 14:55:32
95,DIFC,Financial Services,Mohammed bin Rashid Al Maktoum (Vice Chairman of the UAE),Arif Amiri (CEO),Undisclosed,Unknown Round,"DIFC is a self-financing entity with a strong financial position, backed by the UAE government",DIFC is implementing new crypto regulations that will allow businesses to tailor their offerings more closely to their needs,Compliance and Risk Management IT services to ensure adherence to the new crypto regulations,Active Entity - Master Registry,https://www.pinsentmasons.com/out-law/analysis/difc-new-crypto-regulations-take-effect,2026-04-17 15:42:09
95,Dubai Chamber of Commerce,Business and Commerce,H.H. Sheikh Mohammed bin Rashid Al Maktoum,Hamad Buamim (President & CEO),Undisclosed,Unknown Round,The Dubai Chamber of Commerce is backed by the UAE government and enjoys strong support from various government entities and private sector organizations.,"The Dubai Chamber of Commerce has recently seen significant growth with 2,709 new member companies joining in March 2026, indicating a thriving business environment in Dubai.",The Dubai Chamber of Commerce would likely require advanced data analytics and business intelligence services to efficiently manage the increasing number of member companies and provide valuable insights to support their business operations.,Active Entity - Master Registry,https://www.mediaoffice.ae/en/news/2026/april/05-04/dubai-chamber,2026-04-17 15:42:23
90,Dubai Chamber of Commerce,Economy and Trade,H.H. Sheikh Mohammed bin Rashid Al Maktoum (Vice President and Prime Minister of the UAE and Ruler of Dubai),Hamad Buamim (President and CEO),Undisclosed,Unknown Round,"The Dubai Chamber of Commerce has recorded significant growth with 2,709 new member companies in March 2026, reflecting strong economic momentum","Dubai Chamber of Commerce has held 72 targeted meetings with technology firms, indicating a strong push for technological advancements in the UAE economy",Digital transformation and IT infrastructure development to support the growing number of member companies,Active Entity - Master Registry,https://www.instagram.com/p/DWoRbcIAQqe/,2026-04-17 15:42:27
95,Dubai Chamber of Commerce,Economy and Trade,H.H. Sheikh Mohammed bin Rashid Al Maktoum (Vice-President and Prime Minister of the UAE and Ruler of Dubai),Hamad Buamim (President and CEO),Undisclosed,Unknown Round,"The Dubai Chamber's financial state is not explicitly stated, but its growth in membership and support for digital startups indicate a strong financial position.","The Dubai Chamber of Commerce is experiencing a surge in membership with 2,709 new companies joining in March 2026, indicating a growing interest in doing business in Dubai.",Digital transformation and membership management services to support the growing number of members and provide efficient services to its constituents.,Active Entity - Master Registry,https://worldef.com/2026/04/06/dubai-chamber-of-commerce-2709-new-members/,2026-04-17 15:42:29
95,Dubai Chamber of Commerce,Business and Trade,Hamad Buamim (President and CEO),Hamad Buamim (President and CEO),Undisclosed,Unknown Round,"The Dubai Chamber of Commerce is a non-profit organization, driven by its mission to represent, support and protect the interests of the business community in Dubai","Dubai Chamber of Commerce is expanding its membership base with 2709 new member companies in March 2026, showcasing Dubai's strong investment appeal and pro-business environment",Digital Membership Management System to efficiently track and manage the growing number of member companies,Active Entity - Master Registry,https://gulfnews.com/uae/2709-new-member-companies-joined-dubai-chamber-of-commerce-in-march-2026-1.500496894,2026-04-17 15:43:17
95,Dubai Chamber of Commerce,Business and Commerce,H.H. Sheikh Mohammed bin Rashid Al Maktoum,Hamad Buamim (President & CEO),Undisclosed,Unknown Round,"The Chamber has recorded strong economic growth with 2,709 new member companies in March 2026, indicating sustained investor confidence","Dubai Chamber of Commerce is facilitating meetings with technology firms and recording new member companies, reflecting strong economic momentum in the UAE",Digital transformation and IT infrastructure development to support the growing number of member companies,Active Entity - Master Registry,https://www.instagram.com/p/DWoRbcIAQqe/,2026-04-17 16:54:47
90,Dubai Chamber of Commerce,Business and Commerce,H.H. Sheikh Mohammed bin Rashid Al Maktoum,Hamad Buamim (President and CEO),Undisclosed,Unknown Round,"The Dubai Chamber of Commerce is a non-profit organization, supported by the UAE government and its members, and does not disclose its financial information publicly","2,709 new member companies joined Dubai Chamber of Commerce in March 2026, expanding its network and influence in the UAE business community",Digital membership management and business networking platform development,Active Entity - Master Registry,https://www.mediaoffice.ae/en/news/2026/april/05-04/dubai-chamber,2026-04-17 16:54:51
90,Dubai Chambers,Business Support,H.H. Sheikh Mohammed bin Rashid Al Maktoum,Hamad Buamim (President & CEO),Undisclosed,Unknown Round,"Dubai Chambers is a non-profit organization backed by the Dubai government, with a strong network of business partners and stakeholders","Dubai Chambers is advancing initiatives to support businesses in Dubai, focusing on digital economy and international trade",Cloud-based data management and analytics services to support business registration and licensing,Active Entity - Master Registry,https://www.facebook.com/DubaiChambers/videos/in-march-2026-we-advanced-initiatives-supporting-business-continuity-strengthene/1656096755585911/,2026-04-17 16:54:55
90,Hub71,Startup Accelerator,H.H. Sheikh Khaled bin Mohamed bin Zayed Al Nahyan,Hanadi Aluthman (Chief Operating Officer),Undisclosed,Unknown Round,"Backed by key partners including Mubadala Investment Company, Abu Dhabi Investment Office, and Abu Dhabi Global Market","Issuing Golden Visas to founders through a partnership with the Abu Dhabi Residents Office, providing long-term stability for founders in the UAE",Digital visa processing and management system to streamline the process for founders,Active Entity - Master Registry,https://www.hub71.com/latest-news/blog/how-to-choose-a-startup-accelerator-in-the-uae,2026-04-17 16:55:02
95,Hub71,Startup Ecosystem,H.H. Sheikh Khaled bin Mohamed bin Zayed Al Nahyan (Chairman of Abu Dhabi Executive Office),Hanadi Al Fahim (CEO),$2.17 billion,Unknown Round,"Hub71 has secured significant funding with a 44% Y-O-Y increase, backed by key investors such as Abu Dhabi Investment Office","Hub71 has strongly secured $2.17 billion in funding in 2024, reflecting a 44% Y-O-Y increase, and is driving startup growth in Abu Dhabi",Cybersecurity and data analytics services to support the growing number of startups and scaleups,Active Entity - Master Registry,https://businessetup.com/successful-startups-in-uae/,2026-04-17 16:55:06
90,Dubai Chamber of Commerce,Commerce and Trade,H.H. Sheikh Mohammed bin Rashid Al Maktoum (Vice President and Prime Minister of the UAE and Ruler of Dubai),Hamad Buamim (President and CEO),Undisclosed,Unknown Round,"Supported by the UAE government, with a strong financial position to promote trade and commerce in Dubai","Dubai Chamber of Commerce is currently expanding its membership base with 2,709 new member companies joining in March 2026",Cloud-based membership management system to efficiently handle the growing number of members,Active Entity - Master Registry,https://www.mediaoffice.ae/en/news/2026/april/05-04/dubai-chamber,2026-04-17 17:48:54
95,Dubai Chamber of Commerce,Economy and Trade,H.E. Abdul Rahman Saif Al Ghurair (Chairman of Dubai Chamber of Commerce and Industry),Hamad Buamim (President and CEO),Undisclosed,Unknown Round,"Supported by the UAE government and various investors, with a strong financial position to promote trade and commerce in Dubai","Dubai Chamber of Commerce is expanding its membership base with 2709 new member companies in March 2026, highlighting Dubai's strong investment appeal and resilient pro-business environment",Digital membership management and business intelligence services to support their growing member base,Active Entity - Master Registry,https://gulfnews.com/uae/2709-new-member-companies-joined-dubai-chamber-of-commerce-in-march-2026-1.500496894,2026-04-17 17:48:57
90,Dubai Chambers,Business and Trade,H.H. Sheikh Mohammed bin Rashid Al Maktoum,Hamad Buamim (President and CEO),Undisclosed,Unknown Round,"Dubai Chambers is backed by the UAE government, with a strong financial foundation to support business growth in the region",Dubai Chambers is currently engaging with businesses to unlock growth and networking opportunities in the UAE,Cloud-based event management and networking platform integration,Active Entity - Master Registry,https://www.dubaichambers.com/engage,2026-04-17 17:49:00
95,Dubai Chambers,Chamber of Commerce,Hamdan bin Mohammed Al Maktoum (Crown Prince of Dubai and Chairman of the Dubai Executive Council),Mohammed Ali Rashed Lootah (President and CEO),Undisclosed,Unknown Round,"Dubai Chambers receives funding and support from the Dubai government, but exact figures are not disclosed","Dubai Chambers is sharpening its focus on China with a push into the digital economy, as Chinese companies expand their footprint in Dubai",Digital transformation consulting services,Active Entity - Master Registry,https://fastcompanyme.com/news/dubai-chambers-sharpens-china-focus-with-push-into-digital-economy/,2026-04-17 17:49:03
80,OpenAI,Artificial Intelligence,Unknown,Sam Altman (CEO),$122B,Unknown Round,"OpenAI has secured $122 billion in committed capital from investors, marking the largest private funding round in technology history","Abu Dhabi's MGX is co-leading the funding round for OpenAI, marking a significant investment in the AI industry in the UAE","Development of customized AI-powered solutions for Abu Dhabi-based businesses, leveraging OpenAI's technology",PROBING...,https://www.fwdstart.me/p/abu-dhabi-s-mgx-co-leads-as-openai-closes-122b-round-at-852b-valuation,2026-04-17 23:04:04
80,OpenAI,Artificial Intelligence,Unknown,Sam Altman (CEO),$10 billion,Unknown Round,"Backed by prominent venture investors and Abu Dhabi's MGX, with a significant funding round to support its growth and expansion","OpenAI is nearing a deal to raise about $10 billion from venture investors, backed by Abu Dhabi's MGX, to further expand its AI capabilities in the UAE market",Cloud infrastructure management and AI model deployment services,PROBING...,https://www.instagram.com/p/DWTNFojloXk/,2026-04-17 23:04:08
80,OpenAI,Artificial Intelligence,Undisclosed,Sam Altman (CEO),$122B,Unknown Round,"OpenAI has closed $122 billion in committed capital at an $852 billion post-money valuation, with investment led by Abu Dhabi's MGX","Abu Dhabi's MGX co-leads OpenAI's latest funding round, marking a significant investment in AI technology in the UAE",Cloud-based AI model deployment and management services,PROBING...,https://www.fwdstart.me/p/abu-dhabi-s-mgx-co-leads-as-openai-closes-122b-round-at-852b-valuation,2026-04-17 23:58:28
80,OpenAI,Artificial Intelligence,Undisclosed,Sam Altman (CEO),$10 billion,Unknown Round,"OpenAI is backed by Microsoft and other prominent investors with its funding round led by Abu Dhabi's MGX, signaling significant financial support from major industry players","OpenAI is nearing a deal to raise about $10 billion from venture investors in a move that signifies its growing presence and investment in the UAE, backed by Abu Dhabi's MGX",Cloud-based AI infrastructure and cybersecurity services,PROBING...,https://www.instagram.com/p/DWTNFojloXk/,2026-04-17 23:58:43
85,OpenAI,Artificial Intelligence,Unknown,Sam Altman (CEO),$10 billion,Unknown Round,The funding round features backing from Abu Dhabi's MGX and other global investors,OpenAI is reportedly close to securing a massive funding round with backing from Abu Dhabi's MGX and global investors,Cloud infrastructure services for AI model development and deployment,PROBING...,https://www.instagram.com/p/DWTUYiLlznL/,2026-04-18 02:55:46
95,DIFC,Financial Services,Sheikh Maktoum bin Mohammed bin Rashid Al Maktoum (Chairman of DIFC),Arlene Owens (CEO of DIFC Authority) and Essa Kazim (Governor of DIFC),Undisclosed,Unknown Round,"DIFC's growth is supported by its strategic location and the presence of major financial institutions, with a strong focus on innovation and fintech","DIFC is elevating Dubai's ranking in Global Financial Centres by hosting over 9,000 active companies, including the world's largest banks and asset managers",Cloud-based data analytics services to support the growth of financial institutions within the DIFC,"Active Entity - Master Registry, Financial Register - Verified, DIFC",https://www.morningstar.com/news/pr-newswire/20260326ln20124/difc-elevates-dubai-to-7th-ranking-in-global-financial-centres-index-accelerating-towards-top-4-global-financial-hub-ambition,2026-04-18 05:06:52
80,Fakhruddin Properties,Real Estate,Unknown,Fakhruddin Abdul Jalil (Founder and Chairman),Undisclosed,Unknown Round,"The company's financial state is not explicitly stated, but as a member of Dubai PropTech Hub, it is likely backed by investors supportive of UAE's real estate and technology sectors","Fakhruddin Properties is currently tagged by DIFC Innovation Hub and is a part of Dubai PropTech Hub, underscoring their active role in the UAE's property technology landscape",Property management software and data analytics services to streamline their operations and enhance customer experience,PROBING...,https://www.instagram.com/reel/DWnfyPkIGrZ/,2026-04-18 05:06:55
95,Sharjah Research Technology and Innovation Park (SRTI Park),Research and Development,"H.H. Sheikh Dr. Sultan bin Muhammad Al Qasimi, Ruler of Sharjah",Hussain Al Mahmoudi (CEO),Undisclosed,Unknown Round,"Backed by the government of Sharjah, with investors including entities from the UAE and other GCC countries","The company is currently focusing on artificial intelligence opportunities in the UAE, as highlighted by its CEO's recent statements",Development of AI-powered research and development platforms to support innovative projects within the park,Active Entity - Master Registry,https://www.facebook.com/ForbesMENA.English/posts/he-hussain-al-mahmoudi-ceo-of-the-sharjah-research-technology-and-innovation-par/1507233554745866/,2026-04-18 05:06:58
90,Dubai Chamber of Commerce,Commerce and Trade,H.H. Sheikh Mohammed bin Rashid Al Maktoum,Hamad Buamim (President and CEO),Undisclosed,Unknown Round,"The Dubai Chamber of Commerce is a non-profit organization, primarily funded by membership fees and government support","Dubai Chamber of Commerce is currently expanding its membership base with 2,709 new member companies joining in March 2026",Cloud-based membership management and billing system,Active Entity - Master Registry,https://www.mediaoffice.ae/en/news/2026/april/05-04/dubai-chamber,2026-04-18 06:40:52
90,Dubai Chambers,Business and Networking,H.H. Sheikh Mohammed bin Rashid Al Maktoum,Hamad Buamim (President and CEO),Undisclosed,Unknown Round,"Dubai Chambers is a non-profit organization, supported by the UAE government and various investors",Engage with Dubai Chambers to unlock a wide range of opportunities for business growth and networking in the UAE,Digital event management platform integration for seamless experience and networking opportunities,Active Entity - Master Registry,https://www.dubaichambers.com/engage,2026-04-18 06:40:56
90,Dubai Chamber of Commerce,Business and Trade,H.H. Sheikh Mohammed bin Rashid Al Maktoum (Vice-President and Prime Minister of the UAE and Ruler of Dubai),Hamad Buamim (President and CEO),Undisclosed,Unknown Round,"The Dubai Chamber of Commerce is backed by the UAE government and has a strong financial position, with a focus on supporting the growth of businesses in the UAE","The Dubai Chamber of Commerce is experiencing a surge in membership, with 2,709 new companies joining in March 2026, and is actively supporting digital startups in the UAE",Implementation of a digital membership management system to handle the growing number of members and provide seamless services,Active Entity - Master Registry,https://worldef.com/2026/04/06/dubai-chamber-of-commerce-2709-new-members/,2026-04-18 06:40:59
95,Hub71,Startup Accelerator,H.H. Sheikh Khaled bin Mohamed bin Zayed Al Nahyan (Chairman),Hanadi Khoury (Chief Executive Officer),Undisclosed,Unknown Round,"Backed by key partners such as Mubadala Investment Company, Microsoft, and Abu Dhabi Global Market","Providing long-term stability for founders through partnerships with the Abu Dhabi Residents Office, issuing Golden Visas to founders",Customized IT solutions for startup ecosystem management and founder support services,Active Entity - Master Registry,https://www.hub71.com/latest-news/blog/how-to-choose-a-startup-accelerator-in-the-uae,2026-04-18 06:41:04
90,Hub71,Technology and Innovation,H.H. Sheikh Khaled bin Mohamed bin Zayed Al Nahyan,Mahmoud Adi (CEO),Undisclosed,Unknown Round,Supported by key investors including Mubadala Investment Company and Abu Dhabi Investment Office,Hub71 is currently connecting ambitious Emirati students and graduates with startups through its flagship internship initiative in Abu Dhabi,Customized internship management software to streamline the application and matching process for students and startups,Active Entity - Master Registry,https://www.hub71.com/latest-news/blog/building-the-next-generation-of-emirati-innovation-leaders,2026-04-18 06:41:07
90,Hub71,Startup Accelerator,H.H. Sheikh Mohammed bin Salman Al Nahyan (Chairman of the Abu Dhabi Executive Council),Hanadi Al Zubaidi (CEO),$2.17 billion,Unknown Round,"Hub71 has secured significant funding, reflecting a substantial increase in investment, with support from prominent UAE entities","Hub71 is currently securing significant funding, with a 44% year-over-year increase, to support its growth and development in Abu Dhabi",Cloud infrastructure services to support the scalable growth of its startup ecosystem,Active Entity - Master Registry,https://businessetup.com/successful-startups-in-uae/,2026-04-18 06:41:11
90,Investopia,Financial Technology,Mohamed Alabbar ( Chairman of the Board of Directors ),Mohamed Alabbar (Founder and Chairman),Undisclosed,Unknown Round,"Backed by prominent UAE investors and government entities, with a focus on driving financial innovation in the region",Investopia is currently hosting partners events to announce strategic partnerships with key UAE entities,Digital payment processing and online platform integration services,Active Entity - Master Registry,https://www.moet.gov.ae/en/-/investopia-hosts-partners-event-to-announce-strategic-partners-for-2026-and-launch-its-fifth-edition-in-abu-dhabi-on-31-march,2026-04-18 06:41:14
80,InstaCódigo,Tech/Innovation,TBD,Founding Team,Undisclosed,Unknown Round,"Title: InstaCódigo - Crunchbase Company Profile & Funding | Snippet: InstaCódigo specializes in infrastructure, cybersecurity, software development, big data ... Cloud Infrastructu","Title: InstaCódigo - Crunchbase Company Profile & Funding | Snippet: InstaCódigo specializes in infrastructure, cybersecurity, software development, big data ... Cloud Infrastructu",Advanced IT / AI Solutions,Live Discovery,https://www.crunchbase.com/organization/instac%C3%B3digo,2026-05-01 14:21:42
80,Peclin Dynamics,Tech/Innovation,TBD,Founding Team,Undisclosed,Unknown Round,Title: Peclin Dynamics - Crunchbase Company Profile & Funding | Snippet: Peclin Dynamics Capital Management Limited is a privately held proprietary investment firm operating across,Title: Peclin Dynamics - Crunchbase Company Profile & Funding | Snippet: Peclin Dynamics Capital Management Limited is a privately held proprietary investment firm operating across,Advanced IT / AI Solutions,Live Discovery,https://www.crunchbase.com/organization/peclin-dynamics,2026-05-01 14:26:13
80,Sidara,Tech/Innovation,TBD,Founding Team,Undisclosed,Unknown Round,"Title: Sidara - Crunchbase Company Profile & Funding | Snippet: Sidara is an international multi-disciplinary consultancy specializing in engineering, architecture, planning, and e","Title: Sidara - Crunchbase Company Profile & Funding | Snippet: Sidara is an international multi-disciplinary consultancy specializing in engineering, architecture, planning, and e",Advanced IT / AI Solutions,Live Discovery,https://www.crunchbase.com/organization/dar-group,2026-05-01 14:31:44
80,GroupL Dubai,Tech/Innovation,TBD,Founding Team,Undisclosed,Unknown Round,Title: GroupL Dubai - Growth Outlook - Crunchbase | Snippet: UAE's Best Recruitment ... Paraform is an sgentic hiring platform that connects hiring teams with specialized recruiter,Title: GroupL Dubai - Growth Outlook - Crunchbase | Snippet: UAE's Best Recruitment ... Paraform is an sgentic hiring platform that connects hiring teams with specialized recruiter,Advanced IT / AI Solutions,Live Discovery,https://www.crunchbase.com/organization/groupl-dubai/growth_outlook,2026-05-01 14:35:33
80,Lune,Tech/Innovation,TBD,Founding Team,Undisclosed,Unknown Round,"Title: Lune - Crunchbase Company Profile & Funding | Snippet: Lune is a single integration that unlocks the power of financial data, enabling institutions to build end-to-end engag","Title: Lune - Crunchbase Company Profile & Funding | Snippet: Lune is a single integration that unlocks the power of financial data, enabling institutions to build end-to-end engag",Advanced IT / AI Solutions,Live Discovery,https://www.crunchbase.com/organization/lune-ca55,2026-05-01 14:40:39
80,Majid Al Futtaim Holdings LLC,Tech/Innovation,TBD,Founding Team,Undisclosed,Unknown Round,"Title: Majid Al Futtaim Holdings LLC. - Profiles & Contacts - Crunchbase | Snippet: Majid Al Futtaim Holdings LLC. has 9 current employee profiles, including General Manager E-Comm","Title: Majid Al Futtaim Holdings LLC. - Profiles & Contacts - Crunchbase | Snippet: Majid Al Futtaim Holdings LLC. has 9 current employee profiles, including General Manager E-Comm",Advanced IT / AI Solutions,Live Discovery,https://www.crunchbase.com/organization/majid-al-futtaim-holdings-llc/profiles_and_contacts,2026-05-01 14:40:47
80,Peniel Technology LLC,Tech/Innovation,TBD,Founding Team,Undisclosed,Unknown Round,"Title: Peniel Technology LLC - Crunchbase Company Profile & Funding | Snippet: As a pioneer IT solutions firm, we provide accounting, Trading, Invoicing, bookkeeping and management","Title: Peniel Technology LLC - Crunchbase Company Profile & Funding | Snippet: As a pioneer IT solutions firm, we provide accounting, Trading, Invoicing, bookkeeping and management",Advanced IT / AI Solutions,Live Discovery,https://www.crunchbase.com/organization/peniel-technology-llc,2026-05-01 15:00:14
80,Quantl AI,Tech/Innovation,TBD,Founding Team,Undisclosed,Unknown Round,"Title: Quantl AI - Crunchbase Company Profile & Funding | Snippet: We provide infrastructure as a service for quants to build, test and deploy their trading strategies for all digi","Title: Quantl AI - Crunchbase Company Profile & Funding | Snippet: We provide infrastructure as a service for quants to build, test and deploy their trading strategies for all digi",Advanced IT / AI Solutions,Live Discovery,https://www.crunchbase.com/organization/quantl-ai,2026-05-01 15:03:36
80,G42,Tech/Innovation,TBD,Founding Team,Undisclosed,Unknown Round,Title: G42 - Crunchbase Company Profile & Funding | Snippet: G42 is an artificial intelligence (AI) and cloud computing company that provides solutions in various industries. | URL,Title: G42 - Crunchbase Company Profile & Funding | Snippet: G42 is an artificial intelligence (AI) and cloud computing company that provides solutions in various industries. | URL,Advanced IT / AI Solutions,Live Discovery,https://www.crunchbase.com/organization/group-42,2026-05-01 15:03:44
80,Prometheus Group,Tech/Innovation,TBD,Founding Team,Undisclosed,Unknown Round,Title: Prometheus Group - Profiles & Contacts - Crunchbase | Snippet: Prometheus Platform is a suite of integrated solutions deployed on mobile/desktop that natively extend and enh,Title: Prometheus Group - Profiles & Contacts - Crunchbase | Snippet: Prometheus Platform is a suite of integrated solutions deployed on mobile/desktop that natively extend and enh,Advanced IT / AI Solutions,Live Discovery,https://www.crunchbase.com/organization/prometheus-group/profiles_and_contacts,2026-05-01 15:14:06
80,Ijona Technologies,Tech/Innovation,TBD,Founding Team,Undisclosed,Unknown Round,"Title: Ijona Technologies - Crunchbase Company Profile & Funding | Snippet: Ijona Technologies, a leader in digital solutions, welcomes you to elevate your business journey. With o","Title: Ijona Technologies - Crunchbase Company Profile & Funding | Snippet: Ijona Technologies, a leader in digital solutions, welcomes you to elevate your business journey. With o",Advanced IT / AI Solutions,Live Discovery,https://www.crunchbase.com/organization/ijona-services,2026-05-01 15:15:55
80,Royalx,Tech/Innovation,TBD,Founding Team,Undisclosed,Unknown Round,"Title: Royalx - Crunchbase Company Profile & Funding | Snippet: Trusted Partner for Mobile App,Web Development, Enterprise AI & ML, Digital Marketing Cyber Security. | URL: https:/","Title: Royalx - Crunchbase Company Profile & Funding | Snippet: Trusted Partner for Mobile App,Web Development, Enterprise AI & ML, Digital Marketing Cyber Security. | URL: https:/",Advanced IT / AI Solutions,Live Discovery,https://www.crunchbase.com/organization/royalx,2026-05-01 15:52:55
80,FILTERED_GARBAGE,Tech/Innovation,TBD,Founding Team,Undisclosed,Unknown Round,"Title: Microsoft, Nvidia Lead In Investing In AI Startups, But Others Close ... | Snippet: Dreambase, an AI-powered analytics platform that aims to help people build data-driven co","Title: Microsoft, Nvidia Lead In Investing In AI Startups, But Others Close ... | Snippet: Dreambase, an AI-powered analytics platform that aims to help people build data-driven co",Advanced IT / AI Solutions,Live Discovery,https://news.crunchbase.com/ai/msft-nvda-lead-big-tech-startup-investment/,2026-05-01 15:56:52
80,Bayt.com,Tech/Innovation,TBD,Founding Team,Undisclosed,Unknown Round,Title: Bayt.com - Crunchbase Company Profile & Funding | Snippet: Bayt.com is an online recruitment website for the Gulf and Middle East region. Bayt.com job seekers represent all,Title: Bayt.com - Crunchbase Company Profile & Funding | Snippet: Bayt.com is an online recruitment website for the Gulf and Middle East region. Bayt.com job seekers represent all,Advanced IT / AI Solutions,Live Discovery,https://www.crunchbase.com/organization/bayt-com,2026-05-01 16:15:48
80,Jarvis Cole,Tech/Innovation,TBD,Founding Team,Undisclosed,Unknown Round,Title: Jarvis Cole - Crunchbase Company Profile & Funding | Snippet: A recruitment service specializing in sourcing and placing professionals within the eCommerce industry across v,Title: Jarvis Cole - Crunchbase Company Profile & Funding | Snippet: A recruitment service specializing in sourcing and placing professionals within the eCommerce industry across v,Advanced IT / AI Solutions,Live Discovery,https://www.crunchbase.com/organization/jarvis-cole,2026-05-01 16:22:53
80,HireCraft Technologies,Tech/Innovation,TBD,Founding Team,Undisclosed,Unknown Round,"Title: HireCraft Technologies - Crunchbase Company Profile & Funding | Snippet: HireCraft Technologies specializes in digital marketing, web design, mobile app development, and rec","Title: HireCraft Technologies - Crunchbase Company Profile & Funding | Snippet: HireCraft Technologies specializes in digital marketing, web design, mobile app development, and rec",Advanced IT / AI Solutions,Live Discovery,https://www.crunchbase.com/organization/hirecraft-technologies,2026-05-01 17:21:01
80,Fintech Galaxy,Tech/Innovation,TBD,Founding Team,Undisclosed,Unknown Round,"Title: Fintech Galaxy - Profiles & Contacts - Crunchbase | Snippet: Fintech Galaxy has 5 current employee profiles, including Sales Director Cristian Gheorghita . Fintech Galaxy ha","Title: Fintech Galaxy - Profiles & Contacts - Crunchbase | Snippet: Fintech Galaxy has 5 current employee profiles, including Sales Director Cristian Gheorghita . Fintech Galaxy ha",Advanced IT / AI Solutions,Live Discovery,https://www.crunchbase.com/organization/fintech-galaxy/people,2026-05-01 18:07:59
80,Transguard Group,Tech/Innovation,TBD,Founding Team,Undisclosed,Unknown Round,"Title: Transguard Group - Tech Details | Snippet: Transguard Group employees are showing high interest in Storage Performance , Software Migration , and Web Summit , according to B","Title: Transguard Group - Tech Details | Snippet: Transguard Group employees are showing high interest in Storage Performance , Software Migration , and Web Summit , according to B",Advanced IT / AI Solutions,Live Discovery,https://www.crunchbase.com/organization/transguard-group/technology,2026-05-01 20:31:22
80,Qureos,Tech/Innovation,TBD,Founding Team,Undisclosed,Unknown Round,Title: Qureos - News & Analysis - Crunchbase | Snippet: Qureos is a work tech software and service company. | URL: https://www.crunchbase.com/organization/qureos/news_and_analysis,Title: Qureos - News & Analysis - Crunchbase | Snippet: Qureos is a work tech software and service company. | URL: https://www.crunchbase.com/organization/qureos/news_and_analysis,Advanced IT / AI Solutions,Live Discovery,https://www.crunchbase.com/organization/qureos/news_and_analysis,2026-05-01 20:31:31
80,Techizz Solutions,Tech/Innovation,TBD,Founding Team,Undisclosed,Unknown Round,"Title: Techizz Solutions - Crunchbase Company Profile & Funding | Snippet: Techizz solutions offers software application development, mobile application development, application su","Title: Techizz Solutions - Crunchbase Company Profile & Funding | Snippet: Techizz solutions offers software application development, mobile application development, application su",Advanced IT / AI Solutions,Live Discovery,https://www.crunchbase.com/organization/techizz-solutions,2026-05-01 20:52:04
80,MultiBank Group,Tech/Innovation,TBD,Founding Team,Undisclosed,Unknown Round,"Title: MultiBank Group - Profiles & Contacts - Crunchbase | Snippet: MultiBank Group has 4 current employee profiles, including Chief Business Operations Officer Johny Giacaman . M","Title: MultiBank Group - Profiles & Contacts - Crunchbase | Snippet: MultiBank Group has 4 current employee profiles, including Chief Business Operations Officer Johny Giacaman . M",Advanced IT / AI Solutions,Live Discovery,https://www.crunchbase.com/organization/multibank-group/profiles_and_contacts,2026-05-01 20:53:29
80,TechVista,Tech/Innovation,TBD,Founding Team,Undisclosed,Unknown Round,"Title: TechVista - Crunchbase Company Profile & Funding | Snippet: TechVista is an IT services company providing enterprise application integration, software development and user e","Title: TechVista - Crunchbase Company Profile & Funding | Snippet: TechVista is an IT services company providing enterprise application integration, software development and user e",Advanced IT / AI Solutions,Live Discovery,https://www.crunchbase.com/organization/techvista,2026-05-02 00:43:58
80,Lean Technologies,FinTech,,Not Available,Not Available,Series A,,Develops a platform to provide access to consumer financial data,API Suite Development,,https://www.crunchbase.com/organization/lean,2026-05-02 04:27:40
80,VRS Technologies LLC,IT Solutions and Equipment Rentals,,Not Disclosed,Not Disclosed,Not Disclosed,,Provides comprehensive IT solutions and equipment rentals,IT Infrastructure and Equipment Rentals,,https://www.crunchbase.com/organization/vrs-technologies-a3b4,2026-05-02 06:19:50
80,CodeScreen,Tech/Innovation,TBD,Founding Team,Undisclosed,Unknown Round,"Title: CodeScreen - Crunchbase Company Profile & Funding | Snippet: CodeScreen is a technical assessment platform. Which problem does CodeScreen solve? During the hiring process, i","Title: CodeScreen - Crunchbase Company Profile & Funding | Snippet: CodeScreen is a technical assessment platform. Which problem does CodeScreen solve? During the hiring process, i",Advanced IT / AI Solutions,Live Discovery,https://www.crunchbase.com/organization/codescreen,2026-05-02 12:08:37
80,WeFi,Tech/Innovation,TBD,Founding Team,Undisclosed,Unknown Round,Title: WeFi - Crunchbase Company Profile & Funding | Snippet: WeFi is a financial technology platform developing infrastructure for onchain banking services through blockchain-base,Title: WeFi - Crunchbase Company Profile & Funding | Snippet: WeFi is a financial technology platform developing infrastructure for onchain banking services through blockchain-base,Advanced IT / AI Solutions,Live Discovery,https://www.crunchbase.com/organization/wefi-d629,2026-05-02 13:35:44
